{"cameraMode":{"drawMode":0,"name":"Shaded","section":"Shading Mode"},"sceneLighting":true,"audioPlay":false,"sceneViewState":{"m_AlwaysRefresh":false,"showFog":true,"showSkybox":true,"showFlares":true,"showImageEffects":true,"showParticleSystems":true,"showVisualEffectGraphs":true,"m_FxEnabled":true},"in2DMode":false,"pivot":{"x":-0.19479799270629884,"y":1.5722253322601319,"z":-10.726865768432618},"rotation":{"x":-0.1015695109963417,"y":0.632575511932373,"z":-0.08418760448694229,"w":-0.7631801962852478},"size":3.9634997844696047,"orthographic":false}